{"cameraMode":{"drawMode":0,"name":"Shaded","section":"Shading Mode"},"sceneLighting":true,"audioPlay":false,"sceneViewState":{"showFog":false,"showMaterialUpdate":false,"showSkybox":true,"showFlares":false,"showImageEffects":false,"showParticleSystems":false},"in2DMode":false,"pivot":{"x":242.33026123046876,"y":149.64974975585938,"z":-19.662460327148439},"rotation":{"x":0.05427579954266548,"y":0.018569178879261018,"z":-0.0009641259675845504,"w":0.998406708240509},"size":525.3004760742188,"orthographic":true}